{"cameraMode":{"drawMode":0,"name":"Shaded","section":"Shading Mode"},"sceneLighting":true,"audioPlay":false,"sceneViewState":{"m_AlwaysRefresh":false,"showFog":true,"showSkybox":true,"showFlares":true,"showImageEffects":true,"showParticleSystems":true,"showVisualEffectGraphs":true,"m_FxEnabled":true},"in2DMode":false,"pivot":{"x":-0.05791956186294556,"y":1.063899040222168,"z":2.1279423236846926},"rotation":{"x":0.10107048600912094,"y":0.8066903352737427,"z":-0.5640629529953003,"w":0.14454451203346253},"size":2.8656835556030275,"orthographic":false}